{"proxies":{"dk.napp.drawer.NappdrawerModule":{"superPackageName":"org.appcelerator.kroll","superProxyBindingClassName":"org.appcelerator.kroll.KrollModuleBindingGen","proxyClassName":"NappdrawerModule","proxyAttrs":{"propertyAccessors":[],"fullAPIName":"Nappdrawer","name":"Nappdrawer","proxyClassName":"dk.napp.drawer.NappdrawerModule","isTopLevel":false,"id":"dk.napp.drawer"},"packageName":"dk.napp.drawer","sourceName":"dk.napp.drawer.NappdrawerModuleBindingGen","constants":{"OPEN_MODE_MARGIN":{"proxyName":"OPEN_MODE_MARGIN","name":"OPEN_MODE_MARGIN","type":"int","value":0},"CLOSE_MODE_NONE":{"proxyName":"CLOSE_MODE_NONE","name":"CLOSE_MODE_NONE","type":"int","value":2},"ANIMATION_ZOOM":{"proxyName":"ANIMATION_ZOOM","name":"ANIMATION_ZOOM","type":"int","value":3},"CENTER_WINDOW":{"proxyName":"CENTER_WINDOW","name":"CENTER_WINDOW","type":"int","value":2},"CLOSE_MODE_ALL":{"proxyName":"CLOSE_MODE_ALL","name":"CLOSE_MODE_ALL","type":"int","value":1},"LEFT_WINDOW":{"proxyName":"LEFT_WINDOW","name":"LEFT_WINDOW","type":"int","value":1},"ANIMATION_NONE":{"proxyName":"ANIMATION_NONE","name":"ANIMATION_NONE","type":"int","value":1},"OPEN_MODE_NONE":{"proxyName":"OPEN_MODE_NONE","name":"OPEN_MODE_NONE","type":"int","value":2},"CLOSE_MODE_MARGIN":{"proxyName":"CLOSE_MODE_MARGIN","name":"CLOSE_MODE_MARGIN","type":"int","value":0},"ANIMATION_SLIDEUP":{"proxyName":"ANIMATION_SLIDEUP","name":"ANIMATION_SLIDEUP","type":"int","value":2},"ANIMATION_SCALE":{"proxyName":"ANIMATION_SCALE","name":"ANIMATION_SCALE","type":"int","value":4},"RIGHT_WINDOW":{"proxyName":"RIGHT_WINDOW","name":"RIGHT_WINDOW","type":"int","value":3},"OPEN_MODE_ALL":{"proxyName":"OPEN_MODE_ALL","name":"OPEN_MODE_ALL","type":"int","value":1}},"superProxyClassName":"KrollModule","isModule":true,"genClassName":"NappdrawerModuleBindingGen","onAppCreate":"onAppCreate"},"dk.napp.drawer.DrawerProxy":{"superPackageName":"org.appcelerator.titanium.proxy","methods":{"getRealRightViewWidth":{"runOnUiThread":false,"hasInvocation":false,"args":[],"apiName":"getRealRightViewWidth","converter":"org.appcelerator.kroll.KrollConverter","defaultValueProvider":"org.appcelerator.kroll.KrollConverter","name":"__default_name__","returnType":"int"},"setAnimationMode":{"runOnUiThread":false,"hasInvocation":false,"args":[{"converter":"org.appcelerator.kroll.KrollConverter","defaultValueProvider":"org.appcelerator.kroll.KrollConverter","name":"arg","sourceName":"arg","type":"java.lang.Object"}],"apiName":"setAnimationMode","converter":"org.appcelerator.kroll.KrollConverter","defaultValueProvider":"org.appcelerator.kroll.KrollConverter","name":"__default_name__","returnType":"void"},"getParallaxAmount":{"runOnUiThread":false,"hasInvocation":false,"args":[],"apiName":"getParallaxAmount","converter":"org.appcelerator.kroll.KrollConverter","defaultValueProvider":"org.appcelerator.kroll.KrollConverter","name":"__default_name__","returnType":"float"},"setLeftWindow":{"runOnUiThread":false,"hasInvocation":false,"args":[{"converter":"org.appcelerator.kroll.KrollConverter","defaultValueProvider":"org.appcelerator.kroll.KrollConverter","name":"arg","sourceName":"arg","type":"java.lang.Object"}],"apiName":"setLeftWindow","converter":"org.appcelerator.kroll.KrollConverter","defaultValueProvider":"org.appcelerator.kroll.KrollConverter","name":"__default_name__","returnType":"void"},"setHamburgerIconColor":{"runOnUiThread":false,"hasInvocation":false,"args":[{"converter":"org.appcelerator.kroll.KrollConverter","defaultValueProvider":"org.appcelerator.kroll.KrollConverter","name":"arg","sourceName":"arg","type":"java.lang.Object"}],"apiName":"setHamburgerIconColor","converter":"org.appcelerator.kroll.KrollConverter","defaultValueProvider":"org.appcelerator.kroll.KrollConverter","name":"__default_name__","returnType":"void"},"isRightWindowOpen":{"runOnUiThread":false,"hasInvocation":false,"args":[],"apiName":"isRightWindowOpen","converter":"org.appcelerator.kroll.KrollConverter","defaultValueProvider":"org.appcelerator.kroll.KrollConverter","name":"__default_name__","returnType":"boolean"},"toggleRightWindow":{"runOnUiThread":false,"hasInvocation":false,"args":[{"converter":"org.appcelerator.kroll.KrollConverter","defaultValueProvider":"org.appcelerator.kroll.KrollConverter","name":"obj","optional":true,"sourceName":"obj","type":"java.lang.Object"}],"apiName":"toggleRightWindow","converter":"org.appcelerator.kroll.KrollConverter","defaultValueProvider":"org.appcelerator.kroll.KrollConverter","name":"__default_name__","returnType":"void"},"setArrowAnimation":{"runOnUiThread":false,"hasInvocation":false,"args":[{"converter":"org.appcelerator.kroll.KrollConverter","defaultValueProvider":"org.appcelerator.kroll.KrollConverter","name":"arg","sourceName":"arg","type":"java.lang.Object"}],"apiName":"setArrowAnimation","converter":"org.appcelerator.kroll.KrollConverter","defaultValueProvider":"org.appcelerator.kroll.KrollConverter","name":"__default_name__","returnType":"void"},"setHamburgerIcon":{"runOnUiThread":false,"hasInvocation":false,"args":[{"converter":"org.appcelerator.kroll.KrollConverter","defaultValueProvider":"org.appcelerator.kroll.KrollConverter","name":"arg","sourceName":"arg","type":"java.lang.Object"}],"apiName":"setHamburgerIcon","converter":"org.appcelerator.kroll.KrollConverter","defaultValueProvider":"org.appcelerator.kroll.KrollConverter","name":"__default_name__","returnType":"void"},"getRealLeftViewWidth":{"runOnUiThread":false,"hasInvocation":false,"args":[],"apiName":"getRealLeftViewWidth","converter":"org.appcelerator.kroll.KrollConverter","defaultValueProvider":"org.appcelerator.kroll.KrollConverter","name":"__default_name__","returnType":"int"},"setCloseDrawerGestureMode":{"runOnUiThread":false,"hasInvocation":false,"args":[{"converter":"org.appcelerator.kroll.KrollConverter","defaultValueProvider":"org.appcelerator.kroll.KrollConverter","name":"arg","sourceName":"arg","type":"java.lang.Object"}],"apiName":"setCloseDrawerGestureMode","converter":"org.appcelerator.kroll.KrollConverter","defaultValueProvider":"org.appcelerator.kroll.KrollConverter","name":"__default_name__","returnType":"void"},"setRightWindow":{"runOnUiThread":false,"hasInvocation":false,"args":[{"converter":"org.appcelerator.kroll.KrollConverter","defaultValueProvider":"org.appcelerator.kroll.KrollConverter","name":"arg","sourceName":"arg","type":"java.lang.Object"}],"apiName":"setRightWindow","converter":"org.appcelerator.kroll.KrollConverter","defaultValueProvider":"org.appcelerator.kroll.KrollConverter","name":"__default_name__","returnType":"void"},"setShadowWidth":{"runOnUiThread":false,"hasInvocation":false,"args":[{"converter":"org.appcelerator.kroll.KrollConverter","defaultValueProvider":"org.appcelerator.kroll.KrollConverter","name":"arg","sourceName":"arg","type":"java.lang.Object"}],"apiName":"setShadowWidth","converter":"org.appcelerator.kroll.KrollConverter","defaultValueProvider":"org.appcelerator.kroll.KrollConverter","name":"__default_name__","returnType":"void"},"setOrientationModes":{"runOnUiThread":false,"hasInvocation":false,"args":[{"converter":"org.appcelerator.kroll.KrollConverter","defaultValueProvider":"org.appcelerator.kroll.KrollConverter","name":"modes","sourceName":"modes","type":"int[]"}],"apiName":"setOrientationModes","converter":"org.appcelerator.kroll.KrollConverter","defaultValueProvider":"org.appcelerator.kroll.KrollConverter","name":"__default_name__","returnType":"void"},"openRightWindow":{"runOnUiThread":false,"hasInvocation":false,"args":[{"converter":"org.appcelerator.kroll.KrollConverter","defaultValueProvider":"org.appcelerator.kroll.KrollConverter","name":"obj","optional":true,"sourceName":"obj","type":"java.lang.Object"}],"apiName":"openRightWindow","converter":"org.appcelerator.kroll.KrollConverter","defaultValueProvider":"org.appcelerator.kroll.KrollConverter","name":"__default_name__","returnType":"void"},"setFading":{"runOnUiThread":false,"hasInvocation":false,"args":[{"converter":"org.appcelerator.kroll.KrollConverter","defaultValueProvider":"org.appcelerator.kroll.KrollConverter","name":"arg","sourceName":"arg","type":"java.lang.Object"}],"apiName":"setFading","converter":"org.appcelerator.kroll.KrollConverter","defaultValueProvider":"org.appcelerator.kroll.KrollConverter","name":"__default_name__","returnType":"void"},"openLeftWindow":{"runOnUiThread":false,"hasInvocation":false,"args":[{"converter":"org.appcelerator.kroll.KrollConverter","defaultValueProvider":"org.appcelerator.kroll.KrollConverter","name":"obj","optional":true,"sourceName":"obj","type":"java.lang.Object"}],"apiName":"openLeftWindow","converter":"org.appcelerator.kroll.KrollConverter","defaultValueProvider":"org.appcelerator.kroll.KrollConverter","name":"__default_name__","returnType":"void"},"setCenterWindow":{"runOnUiThread":false,"hasInvocation":false,"args":[{"converter":"org.appcelerator.kroll.KrollConverter","defaultValueProvider":"org.appcelerator.kroll.KrollConverter","name":"arg","sourceName":"arg","type":"java.lang.Object"}],"apiName":"setCenterWindow","converter":"org.appcelerator.kroll.KrollConverter","defaultValueProvider":"org.appcelerator.kroll.KrollConverter","name":"__default_name__","returnType":"void"},"isLeftWindowOpen":{"runOnUiThread":false,"hasInvocation":false,"args":[],"apiName":"isLeftWindowOpen","converter":"org.appcelerator.kroll.KrollConverter","defaultValueProvider":"org.appcelerator.kroll.KrollConverter","name":"__default_name__","returnType":"boolean"},"closeLeftWindow":{"runOnUiThread":false,"hasInvocation":false,"args":[{"converter":"org.appcelerator.kroll.KrollConverter","defaultValueProvider":"org.appcelerator.kroll.KrollConverter","name":"obj","optional":true,"sourceName":"obj","type":"java.lang.Object"}],"apiName":"closeLeftWindow","converter":"org.appcelerator.kroll.KrollConverter","defaultValueProvider":"org.appcelerator.kroll.KrollConverter","name":"__default_name__","returnType":"void"},"setParallaxAmount":{"runOnUiThread":false,"hasInvocation":false,"args":[{"converter":"org.appcelerator.kroll.KrollConverter","defaultValueProvider":"org.appcelerator.kroll.KrollConverter","name":"value","sourceName":"value","type":"java.lang.Object"}],"apiName":"setParallaxAmount","converter":"org.appcelerator.kroll.KrollConverter","defaultValueProvider":"org.appcelerator.kroll.KrollConverter","name":"__default_name__","returnType":"void"},"closeWindows":{"runOnUiThread":false,"hasInvocation":false,"args":[{"converter":"org.appcelerator.kroll.KrollConverter","defaultValueProvider":"org.appcelerator.kroll.KrollConverter","name":"obj","optional":true,"sourceName":"obj","type":"java.lang.Object"}],"apiName":"closeWindows","converter":"org.appcelerator.kroll.KrollConverter","defaultValueProvider":"org.appcelerator.kroll.KrollConverter","name":"__default_name__","returnType":"void"},"setLeftDrawerWidth":{"runOnUiThread":false,"hasInvocation":false,"args":[{"converter":"org.appcelerator.kroll.KrollConverter","defaultValueProvider":"org.appcelerator.kroll.KrollConverter","name":"arg","sourceName":"arg","type":"java.lang.Object"}],"apiName":"setLeftDrawerWidth","converter":"org.appcelerator.kroll.KrollConverter","defaultValueProvider":"org.appcelerator.kroll.KrollConverter","name":"__default_name__","returnType":"void"},"closeRightWindow":{"runOnUiThread":false,"hasInvocation":false,"args":[{"converter":"org.appcelerator.kroll.KrollConverter","defaultValueProvider":"org.appcelerator.kroll.KrollConverter","name":"obj","optional":true,"sourceName":"obj","type":"java.lang.Object"}],"apiName":"closeRightWindow","converter":"org.appcelerator.kroll.KrollConverter","defaultValueProvider":"org.appcelerator.kroll.KrollConverter","name":"__default_name__","returnType":"void"},"setOpenDrawerGestureMode":{"runOnUiThread":false,"hasInvocation":false,"args":[{"converter":"org.appcelerator.kroll.KrollConverter","defaultValueProvider":"org.appcelerator.kroll.KrollConverter","name":"arg","sourceName":"arg","type":"java.lang.Object"}],"apiName":"setOpenDrawerGestureMode","converter":"org.appcelerator.kroll.KrollConverter","defaultValueProvider":"org.appcelerator.kroll.KrollConverter","name":"__default_name__","returnType":"void"},"toggleLeftWindow":{"runOnUiThread":false,"hasInvocation":false,"args":[{"converter":"org.appcelerator.kroll.KrollConverter","defaultValueProvider":"org.appcelerator.kroll.KrollConverter","name":"obj","optional":true,"sourceName":"obj","type":"java.lang.Object"}],"apiName":"toggleLeftWindow","converter":"org.appcelerator.kroll.KrollConverter","defaultValueProvider":"org.appcelerator.kroll.KrollConverter","name":"__default_name__","returnType":"void"},"isAnyWindowOpen":{"runOnUiThread":false,"hasInvocation":false,"args":[],"apiName":"isAnyWindowOpen","converter":"org.appcelerator.kroll.KrollConverter","defaultValueProvider":"org.appcelerator.kroll.KrollConverter","name":"__default_name__","returnType":"boolean"},"setRightDrawerWidth":{"runOnUiThread":false,"hasInvocation":false,"args":[{"converter":"org.appcelerator.kroll.KrollConverter","defaultValueProvider":"org.appcelerator.kroll.KrollConverter","name":"arg","sourceName":"arg","type":"java.lang.Object"}],"apiName":"setRightDrawerWidth","converter":"org.appcelerator.kroll.KrollConverter","defaultValueProvider":"org.appcelerator.kroll.KrollConverter","name":"__default_name__","returnType":"void"}},"dynamicProperties":{"leftWindow":{"set":true,"nativeConverter":"org.appcelerator.kroll.KrollConverter","setMethodName":"setLeftWindow","setMethodArgs":[{"converter":"org.appcelerator.kroll.KrollConverter","defaultValueProvider":"org.appcelerator.kroll.KrollConverter","name":"arg","sourceName":"arg","type":"java.lang.Object"}],"setDefaultProviders":["org.appcelerator.kroll.KrollConverter"],"converter":"org.appcelerator.kroll.KrollConverter","defaultValueProvider":"org.appcelerator.kroll.KrollConverter","retain":true,"javascriptConverter":"org.appcelerator.kroll.KrollConverter","getHasInvocation":false,"runOnUiThread":false,"setReturnType":"void","get":false,"name":"leftWindow","setHasInvocation":false},"closeDrawerGestureMode":{"set":true,"nativeConverter":"org.appcelerator.kroll.KrollConverter","setMethodName":"setCloseDrawerGestureMode","setMethodArgs":[{"converter":"org.appcelerator.kroll.KrollConverter","defaultValueProvider":"org.appcelerator.kroll.KrollConverter","name":"arg","sourceName":"arg","type":"java.lang.Object"}],"setDefaultProviders":["org.appcelerator.kroll.KrollConverter"],"converter":"org.appcelerator.kroll.KrollConverter","defaultValueProvider":"org.appcelerator.kroll.KrollConverter","retain":true,"javascriptConverter":"org.appcelerator.kroll.KrollConverter","getHasInvocation":false,"runOnUiThread":false,"setReturnType":"void","get":false,"name":"closeDrawerGestureMode","setHasInvocation":false},"leftDrawerWidth":{"set":true,"nativeConverter":"org.appcelerator.kroll.KrollConverter","setMethodName":"setLeftDrawerWidth","setMethodArgs":[{"converter":"org.appcelerator.kroll.KrollConverter","defaultValueProvider":"org.appcelerator.kroll.KrollConverter","name":"arg","sourceName":"arg","type":"java.lang.Object"}],"setDefaultProviders":["org.appcelerator.kroll.KrollConverter"],"converter":"org.appcelerator.kroll.KrollConverter","defaultValueProvider":"org.appcelerator.kroll.KrollConverter","retain":true,"javascriptConverter":"org.appcelerator.kroll.KrollConverter","getHasInvocation":false,"runOnUiThread":false,"setReturnType":"void","get":false,"name":"leftDrawerWidth","setHasInvocation":false},"parallaxAmount":{"set":true,"nativeConverter":"org.appcelerator.kroll.KrollConverter","getMethodName":"getParallaxAmount","setMethodName":"setParallaxAmount","setMethodArgs":[{"converter":"org.appcelerator.kroll.KrollConverter","defaultValueProvider":"org.appcelerator.kroll.KrollConverter","name":"value","sourceName":"value","type":"java.lang.Object"}],"setDefaultProviders":["org.appcelerator.kroll.KrollConverter"],"converter":"org.appcelerator.kroll.KrollConverter","defaultValueProvider":"org.appcelerator.kroll.KrollConverter","retain":true,"javascriptConverter":"org.appcelerator.kroll.KrollConverter","getHasInvocation":false,"runOnUiThread":false,"getMethodArgs":[],"getReturnType":"float","setReturnType":"void","get":true,"name":"parallaxAmount","setHasInvocation":false,"getDefaultProviders":[]},"centerWindow":{"set":true,"nativeConverter":"org.appcelerator.kroll.KrollConverter","setMethodName":"setCenterWindow","setMethodArgs":[{"converter":"org.appcelerator.kroll.KrollConverter","defaultValueProvider":"org.appcelerator.kroll.KrollConverter","name":"arg","sourceName":"arg","type":"java.lang.Object"}],"setDefaultProviders":["org.appcelerator.kroll.KrollConverter"],"converter":"org.appcelerator.kroll.KrollConverter","defaultValueProvider":"org.appcelerator.kroll.KrollConverter","retain":true,"javascriptConverter":"org.appcelerator.kroll.KrollConverter","getHasInvocation":false,"runOnUiThread":false,"setReturnType":"void","get":false,"name":"centerWindow","setHasInvocation":false},"animationMode":{"set":true,"nativeConverter":"org.appcelerator.kroll.KrollConverter","setMethodName":"setAnimationMode","setMethodArgs":[{"converter":"org.appcelerator.kroll.KrollConverter","defaultValueProvider":"org.appcelerator.kroll.KrollConverter","name":"arg","sourceName":"arg","type":"java.lang.Object"}],"setDefaultProviders":["org.appcelerator.kroll.KrollConverter"],"converter":"org.appcelerator.kroll.KrollConverter","defaultValueProvider":"org.appcelerator.kroll.KrollConverter","retain":true,"javascriptConverter":"org.appcelerator.kroll.KrollConverter","getHasInvocation":false,"runOnUiThread":false,"setReturnType":"void","get":false,"name":"animationMode","setHasInvocation":false},"fading":{"set":true,"nativeConverter":"org.appcelerator.kroll.KrollConverter","setMethodName":"setFading","setMethodArgs":[{"converter":"org.appcelerator.kroll.KrollConverter","defaultValueProvider":"org.appcelerator.kroll.KrollConverter","name":"arg","sourceName":"arg","type":"java.lang.Object"}],"setDefaultProviders":["org.appcelerator.kroll.KrollConverter"],"converter":"org.appcelerator.kroll.KrollConverter","defaultValueProvider":"org.appcelerator.kroll.KrollConverter","retain":true,"javascriptConverter":"org.appcelerator.kroll.KrollConverter","getHasInvocation":false,"runOnUiThread":false,"setReturnType":"void","get":false,"name":"fading","setHasInvocation":false},"rightWindow":{"set":true,"nativeConverter":"org.appcelerator.kroll.KrollConverter","setMethodName":"setRightWindow","setMethodArgs":[{"converter":"org.appcelerator.kroll.KrollConverter","defaultValueProvider":"org.appcelerator.kroll.KrollConverter","name":"arg","sourceName":"arg","type":"java.lang.Object"}],"setDefaultProviders":["org.appcelerator.kroll.KrollConverter"],"converter":"org.appcelerator.kroll.KrollConverter","defaultValueProvider":"org.appcelerator.kroll.KrollConverter","retain":true,"javascriptConverter":"org.appcelerator.kroll.KrollConverter","getHasInvocation":false,"runOnUiThread":false,"setReturnType":"void","get":false,"name":"rightWindow","setHasInvocation":false},"shadowWidth":{"set":true,"nativeConverter":"org.appcelerator.kroll.KrollConverter","setMethodName":"setShadowWidth","setMethodArgs":[{"converter":"org.appcelerator.kroll.KrollConverter","defaultValueProvider":"org.appcelerator.kroll.KrollConverter","name":"arg","sourceName":"arg","type":"java.lang.Object"}],"setDefaultProviders":["org.appcelerator.kroll.KrollConverter"],"converter":"org.appcelerator.kroll.KrollConverter","defaultValueProvider":"org.appcelerator.kroll.KrollConverter","retain":true,"javascriptConverter":"org.appcelerator.kroll.KrollConverter","getHasInvocation":false,"runOnUiThread":false,"setReturnType":"void","get":false,"name":"shadowWidth","setHasInvocation":false},"arrowAnimation":{"set":true,"nativeConverter":"org.appcelerator.kroll.KrollConverter","setMethodName":"setArrowAnimation","setMethodArgs":[{"converter":"org.appcelerator.kroll.KrollConverter","defaultValueProvider":"org.appcelerator.kroll.KrollConverter","name":"arg","sourceName":"arg","type":"java.lang.Object"}],"setDefaultProviders":["org.appcelerator.kroll.KrollConverter"],"converter":"org.appcelerator.kroll.KrollConverter","defaultValueProvider":"org.appcelerator.kroll.KrollConverter","retain":true,"javascriptConverter":"org.appcelerator.kroll.KrollConverter","getHasInvocation":false,"runOnUiThread":false,"setReturnType":"void","get":false,"name":"arrowAnimation","setHasInvocation":false},"rightDrawerWidth":{"set":true,"nativeConverter":"org.appcelerator.kroll.KrollConverter","setMethodName":"setRightDrawerWidth","setMethodArgs":[{"converter":"org.appcelerator.kroll.KrollConverter","defaultValueProvider":"org.appcelerator.kroll.KrollConverter","name":"arg","sourceName":"arg","type":"java.lang.Object"}],"setDefaultProviders":["org.appcelerator.kroll.KrollConverter"],"converter":"org.appcelerator.kroll.KrollConverter","defaultValueProvider":"org.appcelerator.kroll.KrollConverter","retain":true,"javascriptConverter":"org.appcelerator.kroll.KrollConverter","getHasInvocation":false,"runOnUiThread":false,"setReturnType":"void","get":false,"name":"rightDrawerWidth","setHasInvocation":false},"openDrawerGestureMode":{"set":true,"nativeConverter":"org.appcelerator.kroll.KrollConverter","setMethodName":"setOpenDrawerGestureMode","setMethodArgs":[{"converter":"org.appcelerator.kroll.KrollConverter","defaultValueProvider":"org.appcelerator.kroll.KrollConverter","name":"arg","sourceName":"arg","type":"java.lang.Object"}],"setDefaultProviders":["org.appcelerator.kroll.KrollConverter"],"converter":"org.appcelerator.kroll.KrollConverter","defaultValueProvider":"org.appcelerator.kroll.KrollConverter","retain":true,"javascriptConverter":"org.appcelerator.kroll.KrollConverter","getHasInvocation":false,"runOnUiThread":false,"setReturnType":"void","get":false,"name":"openDrawerGestureMode","setHasInvocation":false},"hamburgerIcon":{"set":true,"nativeConverter":"org.appcelerator.kroll.KrollConverter","setMethodName":"setHamburgerIcon","setMethodArgs":[{"converter":"org.appcelerator.kroll.KrollConverter","defaultValueProvider":"org.appcelerator.kroll.KrollConverter","name":"arg","sourceName":"arg","type":"java.lang.Object"}],"setDefaultProviders":["org.appcelerator.kroll.KrollConverter"],"converter":"org.appcelerator.kroll.KrollConverter","defaultValueProvider":"org.appcelerator.kroll.KrollConverter","retain":true,"javascriptConverter":"org.appcelerator.kroll.KrollConverter","getHasInvocation":false,"runOnUiThread":false,"setReturnType":"void","get":false,"name":"hamburgerIcon","setHasInvocation":false},"orientationModes":{"set":true,"nativeConverter":"org.appcelerator.kroll.KrollConverter","setMethodName":"setOrientationModes","setMethodArgs":[{"converter":"org.appcelerator.kroll.KrollConverter","defaultValueProvider":"org.appcelerator.kroll.KrollConverter","name":"modes","sourceName":"modes","type":"int[]"}],"setDefaultProviders":["org.appcelerator.kroll.KrollConverter"],"converter":"org.appcelerator.kroll.KrollConverter","defaultValueProvider":"org.appcelerator.kroll.KrollConverter","retain":true,"javascriptConverter":"org.appcelerator.kroll.KrollConverter","getHasInvocation":false,"runOnUiThread":false,"setReturnType":"void","get":false,"name":"orientationModes","setHasInvocation":false},"hamburgerIconColor":{"set":true,"nativeConverter":"org.appcelerator.kroll.KrollConverter","setMethodName":"setHamburgerIconColor","setMethodArgs":[{"converter":"org.appcelerator.kroll.KrollConverter","defaultValueProvider":"org.appcelerator.kroll.KrollConverter","name":"arg","sourceName":"arg","type":"java.lang.Object"}],"setDefaultProviders":["org.appcelerator.kroll.KrollConverter"],"converter":"org.appcelerator.kroll.KrollConverter","defaultValueProvider":"org.appcelerator.kroll.KrollConverter","retain":true,"javascriptConverter":"org.appcelerator.kroll.KrollConverter","getHasInvocation":false,"runOnUiThread":false,"setReturnType":"void","get":false,"name":"hamburgerIconColor","setHasInvocation":false}},"superProxyBindingClassName":"org.appcelerator.titanium.proxy.TiWindowProxyBindingGen","proxyClassName":"DrawerProxy","proxyAttrs":{"propertyAccessors":[],"fullAPIName":"Nappdrawer.Drawer","name":"Drawer","proxyClassName":"dk.napp.drawer.DrawerProxy","isTopLevel":false,"id":"dk.napp.drawer.DrawerProxy","creatableInModule":"dk.napp.drawer.NappdrawerModule","parentModule":"org.appcelerator.kroll.annotations.Kroll.DEFAULT"},"packageName":"dk.napp.drawer","sourceName":"dk.napp.drawer.DrawerProxyBindingGen","superProxyClassName":"TiWindowProxy","isModule":false,"genClassName":"DrawerProxyBindingGen"}},"modules":{"dk.napp.drawer.NappdrawerModule":{"apiName":"Nappdrawer","createProxies":[{"propertyAccessors":[],"fullAPIName":"Nappdrawer.Drawer","name":"Drawer","proxyClassName":"dk.napp.drawer.DrawerProxy","isTopLevel":false,"id":"dk.napp.drawer.DrawerProxy","creatableInModule":"dk.napp.drawer.NappdrawerModule","parentModule":"org.appcelerator.kroll.annotations.Kroll.DEFAULT"}]}}}